Date,Headline
2013-09-01,Paul Roos named Melbourne Demons AFL coach
2013-09-01,Paul Roos recruits former Sydney development coach Brett Allison ...
2013-09-01,Adam Bandt claims victory for Greens in seat of Melbourne
2013-09-01,Freo land in Melbourne
2013-09-01,Singapore firms buy up Melbourne sites
2013-09-01,Melbourne Demons denied priority pick in national draft by AFL
2013-09-01,Church dumps rebel priest
2013-09-01,Worst winds in five years cause chaos and damage across Melbourne
2013-09-01,Massive haul of ephedrine found hidden in rice shipped to Melbourne
2013-09-01,"One Direction's Niall Horan holidaying in Melbourne, Twitter ..."
2013-09-01,Jill Meagher remembered as thousands march down Sydney Road ...
2013-09-01,1.5 million reasons why Paul Roos will pay his way at Melbourne
2013-09-01,Melbourne lodges application for draft help
2013-09-01,Melbourne carbon-reduction plan 'best in the world'
2013-09-01,David Samuel Cyprys convicted of child sexual abuse at ...
2013-09-01,Fire crews contain large blaze at Melbourne factory
2013-09-01,Josh Mahoney is Melbourne's new football operations boss
2013-09-01,South Sydney Rabbitohs beat Melbourne Storm 20-10 to advance to ...
2013-09-01,Melbourne's yellow taxis get a makeover to increase competition
2013-09-01,Melbourne says pick two is on table; Dustin Martin may yet be a ...
2013-09-01,Jones goes back-to-back in B&F
2013-09-01,Fare evasion on Melbourne public transport increases with myki
2013-09-01,Newcastle Knights beat Melbourne Storm 18-16 to advance to NRL ...
2013-09-01,Car parking costs in Melbourne CBD soar with more increases on ...
2013-09-01,Man who killed Irish backpacker gets 18 years
2013-09-01,Anarchists claim responsibility for fire at luxury West Melbourne car ...
2013-09-01,A history of Melbourne: The best and worst moments
2013-09-01,Sun rises on Brosnan's Australian film shoot
2013-09-01,Health funding cuts blamed for mystery illness that swept through ...
2013-09-01,Melbourne woman Catherine Whitty fights Prada after champagne ...
2013-09-01,"Uniqlo to open first Australian store, on Lonsdale St in Melbourne"
2013-09-01,Dormitory city: Melbourne's brittle highrise apartment boom
2013-09-01,ST&P merges with M&C Melbourne
2013-09-01,Melbourne to become land of the lemurs
2013-09-01,Major power outages cause blackouts across Melbourne's eastern ...
2013-09-01,Brent McGrath playing for Melbourne Heart deal
2013-09-01,North Melbourne 2013 Report Card
2013-09-01,Recollections of hoppier times sought for memoir of a long-gone ...
2013-09-01,Would you live in a loo?
2013-09-01,"Optus adds TD-LTE 4G in Sydney, Melbourne, Brisbane"
2013-09-01,Melbourne faces wild weather as wind sweeps across Victoria
2013-09-01,Quicker trams will keep Melbourne on track to success in future
2013-09-01,Inside Dolce & Gabbana's new Melbourne store
2013-09-01,The notorious Sunshine Crew menaced Melbourne at the height of ...
2013-09-01,Melbourne named as Australia's fastest-growing city according to ...
2013-09-01,"Listen Out 2013 Releases Set Times For Brisbane, Melbourne, Perth ..."
2013-09-01,Seat of Melbourne voters line up to grill candidates
2013-09-01,New private hospital proposed for Melbourne's south-eastern suburbs
2013-09-01,Grey race series to honour former Melbourne Cup champion Subzero
2013-09-01,Melbourne artist faces child pornography charges over seized works
2013-09-01,Luxury townhouses bring together Melbourne design talents
2013-09-01,Two found dead in separate incidents in Melbourne's eastern suburbs
2013-09-01,Taxi row leads to brutal assault outside Hilton Hotel in East Melbourne
2013-09-01,Melbourne boxer Will Tomlinson flees Mexico after being caught up ...
2013-09-01,The international ring that fixed a Melbourne footy game
2013-09-01,Walden to retire as face of Ten News Melbourne
2013-09-01,Pinjarra the 750kg saltwater crocodile retires to Melbourne Aquarium
2013-09-01,Masterchef pop-up restaurant comes to Melbourne for the first time
2013-09-01,Melbourne brothel worker offered hush money to murder victim's ...
2013-09-01,Police fear Melbourne shootings are the result of escalating bikie ...
2013-09-01,Greece's top Benaki collection to go on display in Melbourne
2013-09-01,Sydney food franchises hunger for Melbourne
2013-09-01,Hells Angels clubhouse in Seaford sprayed with bullets as bikie ...
2013-09-01,"Jerry Hall opens up about modelling, motherhood and seducing ..."
2013-09-01,Michael Mifsud arrives to join Melbourne Heart
2013-09-01,Victoria Police evaluate hoon investigation team in Melbourne's ...
2013-09-01,Melbourne Storm forced to dig deep with golden point as Titans ...
2013-09-01,Old Melbourne hotel gets heritage permit
2013-09-01,Mathews latest to join Roos at Melbourne
2013-09-01,Greens' ground zero: on the election Bandtwagon in Melbourne
2013-09-01,"The Drones – The Hi-Fi, Melbourne, 13/09/13"
2013-09-01,North Melbourne emerge as leading candidate to snare Saint Nick ...
2013-09-01,Melbourne's Brownlow history
2013-09-01,Hells Angel bikie Peter 'Skitzo' Hewat allegedly punched 62yo ...
2013-09-01,Melbourne: An inside look at one of the world's most sustainable cities
2013-09-01,Wiz Khalifa And A$AP Rocky Announce Melbourne Gig
2013-09-01,Taxation law masters student Gethara Somasundaram jailed for two ...
2013-09-01,"VIC: Commercial sale, 472 Bourke Street, Melbourne"
2013-09-01,Melbourne actor Jarrod Reuven Factor jailed for procuring minors ...
2013-09-01,The hottest pies in Melbourne
2013-09-01,Australian start-up has Adobe in sight
2013-09-01,Year-round laughs at Melbourne's comedy hotspots
2013-09-01,Melbourne's green spaces are pure gold
2013-09-01,Foreteller defeats Melbourne Cup favourite Puissance De Lune to ...
2013-09-01,Best for bacon: Melbourne
2013-09-01,"Martin Hughes, Lloyd Jones, Margaret Evison"
2013-09-01,The best and worst reviews of Melbourne's favourite restaurants
2013-09-01,Merger to drive golf clubs into future
2013-09-01,How Adam Garrisson saved Melbourne mansion Redcourt
2013-09-01,Hidden gems: 18 places to see in Victoria
2013-09-01,Melbourne team uncovers multiple sclerosis breakthrough
2013-09-01,Hunters & Collectors Announce First Australian Tour Since 1998
2013-09-01,Top five Melbourne warehouse conversions on the market
2013-09-01,"LIVE REVIEW: Snakehips @ The Liberty Social, Melbourne"
2013-09-01,"Valentino, Melbourne restaurant review"
2013-09-01,Melbourne: The parasite economy
2013-09-01,Redundancies follow budget blow-out at Arts Centre Melbourne
2013-09-01,"Julia Zemiro, Ute Lemper, Archie Roach and Craig Pilkington"
2013-09-01,Blair switch project breathes fresh life into Melbourne
2013-09-01,State grows by 100000 people a year
2016-10-01,Lucky punter who turned $10 into $240k highlights biggest Cup wins
2016-10-01,Melbourne Storm vs Cronulla Sharks in the NRL grand final at ...
2016-10-01,World reacts to Tim Cahill's incredible 35-metre goal on Melbourne ...
2016-10-01,Caltex Socceroos training session in Melbourne
2016-10-01,Melbourne weather: Damaging winds cause chaos throughout Victoria
2016-10-01,FFA Cup final set to be sky blue after Melbourne City defeat ...
2016-10-01,Where are all the celebrities at Melbourne Cup Carnival 2016?
2016-10-01,Developers 'will rebuild' historic Corkman pub in Melbourne after ...
2016-10-01,Jordan Lewis to Melbourne trade: Hawthorn veteran completes ...
2016-10-01,Strong early spring for Melbourne home prices as values rise again
2016-10-01,Violence erupts between Melbourne and Adelaide A-League fans ...
2016-10-01,Melbourne's 2017 fixture announced
2016-10-01,Jordan Lewis must leave Hawthorn and join Melbourne to prolong ...
2016-10-01,Melbourne rugby player gets 12 years' jail for attempting to rape six ...
2016-10-01,Historic Carlton pub unlawfully demolished; fine increase for ...
2016-10-01,Melbourne shootings a 'very stark' reminder of dangers police face ...
2016-10-01,Michelle Payne missing out on the Melbourne Cup has nothing to do ...
2016-10-01,"Home prices keep rising, Melbourne overtaking Sydney"
2016-10-01,Two girls fighting for life after fatal Melbourne crash
2016-10-01,Melbourne to meet Saints in round one
2016-10-01,Congestion tax: How would a tax to reduce Melbourne's road traffic ...
2016-10-01,Derby Day 2016: Melbourne shines for first day of Cup week racing
2016-10-01,Melbourne Cup 2016: Logjam with 32 runners still in contention for ...
2016-10-01,That Banksy Stencil of Pauline Hanson in Melbourne is a Fake
2016-10-01,"High winds to sweep through Melbourne, Victoria"
2016-10-01,Melbourne jewellery shop manager confronts masked robbers
2016-10-01,Driverless car built in Melbourne by Bosch engineers at Clayton is ...
2016-10-01,"Victoria weather: Damaging winds return, triggering October's 50th ..."
2016-10-01,Brisbane Melbourne Cup: Eagle Farm power outage chaos
2016-10-01,Woman dies after Melbourne apartment fall
2016-10-01,A-League: Melbourne Victory thrash Wellington Phoenix
2016-10-01,Melbourne weather: More than 1000 households lose power after ...
2016-10-01,Man fatally stabbed in Melbourne
2016-10-01,Melbourne Lord Mayor Robert Doyle wins third term in 2016 council ...
2016-10-01,"Tram collides with van in Melbourne, injuring students"
2016-10-01,Vigilante-style group Soldiers of Odin patrolling Melbourne CBD
2016-10-01,Jesse Hogan has re-signed with Melbourne on a two-year contract ...
2016-10-01,Melbourne's nasty media needs to be challenged
2016-10-01,Moody's warns of potential apartment glut in Melbourne
2016-10-01,Ex-Bomber lands at Melbourne
2016-10-01,Four teenagers stabbed during 'organised brawl' at Melbourne fast ...
2016-10-01,Toilet paper covers Melbourne freeway causing traffic havoc
2016-10-01,Melbourne's median house price jumps 3.1 per cent over the ...
2016-10-01,"Drive-by shooting in Beacon Vista, Port Melbourne"
2016-10-01,Melbourne United shoots wide as Damian Martin leads Perth ...
2016-10-01,Hocking Stuart Richmond fined for underquoting Melbourne properties
2016-10-01,Traffic congestion: Uber trip data shows big projects have slowed ...
2016-10-01,Hartnell brings Sydney form to Melbourne
2016-10-01,Melbourne United strongly denies rampant 'NBL import sacking ...
2016-10-01,Kinky Boots' jaunty and engaging tone set to win Melbourne ...
2016-10-01,Caulfield Cup winner Jameka to carry 53.5kg in Melbourne Cup ...
2016-10-01,Squatters evicted from Melbourne homes
2016-10-01,Hot Melbourne property auction market galloping ahead
2016-10-01,Melbourne weather: Coldest Cox Plate day since 1970
2016-10-01,Melbourne jockey Danny Nikolic's ban on attending racetracks ...
2016-10-01,Melbourne blackout as wild winds lash Vic
2016-10-01,Fast 5 netball: Australian Diamonds to unleash Gretel Tippett in ...
2016-10-01,Melbourne firefighters save tiny black kitten from Rebels bikie gang ...
2016-10-01,Robbie Tarrant wins first Syd Barker Medal as North Melbourne ...
2016-10-01,Man on the run after Melbourne shooting
2016-10-01,A Melbourne Airport monorail that will get travellers to the city in 16 ...
2016-10-01,Hyperloop: high-speed rail network that could come to Australia
2016-10-01,Last Melbourne made Fords auctioned in Vic
2016-10-01,Australian Open 2017: Melbourne Park grand entrance revamp ...
2016-10-01,Melbourne auction market returns with yet another strong result
2016-10-01,2017 Fixture: Where the Crows play
2016-10-01,Brent Harvey confirms retirement after North Melbourne release and ...
2016-10-01,Melbourne City star Tim Cahill's new goal is to get kids involved in ...
2016-10-01,The high cost of Melbourne's all night weekend public transport trial
2016-10-01,Three in hospital after truck slams into bus in Melbourne
2016-10-01,Ute crashes into elderly woman's Melbourne home
2016-10-01,Jason Doyle ruled out of Melbourne speedway grand prix by injury I ...
2016-10-01,Fadi Mansour spent a year stuck in an airport. Now he lives near ...
2016-10-01,"Melbourne, Sydney drive Transurban profits"
2016-10-01,Damien Oliver was adamant his ride on Flying Artyie was not ...
2016-10-01,"Melbourne coffee prices cheaper than Perth, Hobart despite ..."
2016-10-01,"2016 Melbourne Cup order of entry: news, odds, field update ..."
2016-10-01,Melbourne in April will be food-lovers heaven as world's top chefs ...
2016-10-01,Brothers spared jail after 'sickening' street attack near Melbourne ...
2016-10-01,Wife accidently runs over husband in Melbourne driveway
2016-10-01,Doubt cast over election of Melbourne Council's first Indigenous ...
2016-10-01,Melbourne too good for Adelaide in NBL
2016-10-01,"Melbourne Express: Friday, October 21, 2016"
2016-10-01,Locker room mentality' of Melbourne High student traditions ...
2016-10-01,Retired farming couple cash in almost $100 million as developers ...
2016-10-01,Woman attacked with knife while defending neighbour in Port ...
2016-10-01,Liberal MP billed taxpayers to fly to Melbourne's Derby Day races
2016-10-01,Melbourne 'sky rail' argument continues in court
2016-10-01,Melbourne marathon runner 'stoked to win' first race
2016-10-01,Echo Taskforce raids homes in Melbourne's southeast in relation to ...
2016-10-01,NRC: Rays rise above Melbourne in gusty conditions
2016-10-01,Man dies at Melbourne construction site
2016-10-01,"Former train employee, CFA volunteer jailed over Melbourne ..."
2016-10-01,"North Melbourne's possible line-up for Round 1, 2017 after Daniel ..."
2016-10-01,"That Banksy in Melbourne video, and the perils of anonymity"
2016-10-01,Usain Bolt parties at Melbourne nightclub Alumbra
2016-10-01,Driverless cars tested on Melbourne's roads
2016-10-01,The inconvenient truth behind Melbourne's population boom
2016-10-01,"Melbourne population flip: all out, all change"
2016-10-01,Police investigate after violent brawls break out in Melbourne and ...
2015-01-01,Melbourne 2015 ready for return on its tennis investment
2015-01-01,Serena Williams eases into second round in Melbourne
2015-01-01,Asian Cup 2015: Iran return to Melbourne for first time since ...
2015-01-01,Chaos erupts during Melbourne darts tournament as crowd throws ...
2015-01-01,Australian Open 2015: Gallery cheats are ruining the wonderful vibe ...
2015-01-01,Australian Open 2015: Veteran Martina Hingis chasing doubles ...
2015-01-01,Royal commission to examine child sexual abuse within Jewish ...
2015-01-01,Peanut allergy treatment success by Melbourne researchers brings ...
2015-01-01,Melbourne Islamic State recruit Suhan Rahman says he won't return ...
2015-01-01,Asian Cup: Uzbekistan beats Saudi Arabia 3-1 in Melbourne to ...
2015-01-01,Men charged over alleged $110m home loan conspiracy in Melbourne
2015-01-01,Uber driver arrested over alleged sex assault in Melbourne
2015-01-01,Melbourne weather: Heavy rain won't hit city until Monday
2015-01-01,Vic police smash Melbourne drug syndicate
2015-01-01,Asian Cup 2015: Socceroos star Robbie Kruse says Melbourne ...
2015-01-01,Roger Federer survives Simone Bolelli scare to advance in Melbourne
2015-01-01,A crash in gas use is more likely than the forecast 'shortage'
2015-01-01,Skydivers rescued as wild winds take Melbourne by surprise
2015-01-01,Teenage boy dies after hit-and-run in Melbourne's north-west
2015-01-01,Horrific footage of Melbourne karaoke bar gang attack
2015-01-01,"Melbourne weather: stinking hot one minute, storming the next"
2015-01-01,We're not vandals': Nylex clock switch flickers come forward
2015-01-01,"Australian Open 2015: Day 8 Schedule, Matchups Predictions for ..."
2015-01-01,Mystery surrounds murdered Melbourne society grandmother ...
2015-01-01,Melbourne Victory draw big crowd to A-League clash in Geelong
2015-01-01,Port of Melbourne automation project scooped by Finnish giant
2015-01-01,Maria Sharapova eases through in Melbourne
2015-01-01,Melbourne chocolate company Ernest Hillier goes into ...
2015-01-01,Nine arrested as police disrupt alleged Melbourne drug syndicate
2015-01-01,Aboriginal rights protest disrupts Australia Day Parade in Melbourne
2015-01-01,"Australian Open 2015: Day 2 Schedule, Matchups Predictions for ..."
2015-01-01,Melbourne jihadist 'killed in Syria'
2015-01-01,Hot in the city: Melbourne records the top overnight temperature for ...
2015-01-01,Dutch tourist 'in black hole' after six-week rape and torture ordeal at ...
2015-01-01,Serious sex offender Daniel Luke Walls found in Melbourne
2015-01-01,"Tram derailed, beer kegs strewn across Melbourne road after truck ..."
2015-01-01,Victorian Premier Daniel Andrews leads Melbourne Pride March ...
2015-01-01,Melbourne's tallest building goes on sale
2015-01-01,"Australian Open 2015: Day 7 Schedule, Matchups Predictions for ..."
2015-01-01,Three people develop measles after attending Melbourne RMIT ...
2015-01-01,Epic timelapse video shows why Melbourne is the world's most ...
2015-01-01,"Melbourne mall shooting 'hero' leaves behind wife, son"
2015-01-01,"Air China goes daily on Melbourne flights to Beijing, Shanghai"
2015-01-01,Petrol prices in Melbourne fall to six-year low; regional areas yet to ...
2015-01-01,Renegades and Stars chase crucial Melbourne derby win in Big ...
2015-01-01,Melbourne's top 10 best gelato spots
2015-01-01,Two men charged over Melbourne father's car boot death
2015-01-01,Renegades bowlers star in massive win
2015-01-01,Melbourne Tullamarine Airport's Tigerair terminal reopens after ...
2015-01-01,Former Melbourne Demon Cameron Johnston takes a punt on ...
2015-01-01,"Not One, But TWO Giant Slip N Slides Are Coming To Melbourne ..."
2015-01-01,Accused crayfish thief caught 'waving it down Melbourne street'
2015-01-01,Separation Tree in Melbourne's Botanic Gardens unlikely to survive
2015-01-01,Stockland to build 12000 Melbourne homes
2015-01-01,"Maria Sharapova and Eugenie Bouchard are charismatic, love the ..."
2015-01-01,Melbourne start-up poaches former Google director
2015-01-01,Indian restaurant in Melbourne banned from hiring foreign workers ...
2015-01-01,"Australian Open could be played entirely indoors, as Margaret Court ..."
2015-01-01,"Rafael Nadal defeats Mark Philippoussis, Omar Jasika and ..."
2015-01-01,Melbourne to Hobart yacht Seduction runs aground on return ...
2015-01-01,"Free CBD tram rides delight tourists, students"
2015-01-01,Traumatised' woman avoids jail over involvement in Melbourne ...
2015-01-01,Brian Waldron admits he was to blame for the Melbourne Storm ...
2015-01-01,Breakthrough in killing of Melbourne father Kenan Balikel
2015-01-01,Outgoing Perth Festival artistic director Jonathan Holloway to head ...
2015-01-01,Melbourne president of Hells Angels Darkside chapter jailed after ...
2015-01-01,Victoria weather: Melbourne soaked as 'tropical' conditions move ...
2015-01-01,Victim takes photo of alleged flasher at Melbourne's Sandringham ...
2015-01-01,Melbourne vigilantes claim to expose paedophiles in Tinder ...
2015-01-01,Fairfax Media pays $72 million to buy back its Melbourne real estate ...
2015-01-01,Melbourne train delays expected as drivers plan industrial action ...
2015-01-01,White Night Melbourne Reveals Full 2015 Program
2015-01-01,"Racist attacker, Madeline Luke, admits bashing female Melbourne ..."
2015-01-01,Public transport in Melbourne: new suite of timetable apps coming
2015-01-01,Melbourne artists use queer cartoons to empower
2015-01-01,Rats invade Melbourne as council admits baiting program failure
2015-01-01,Melbourne in the small hours is all go
2015-01-01,Melbourne Airport hit by fuel shortage
2015-01-01,Australian Open: Katie Swan turns eye on next prize after Melbourne ...
2015-01-01,State government to review high kill rates at Melbourne Lost Dogs ...
2015-01-01,Perth Scorchers to recall Nathan Coulter-Nile for fiery barrage on ...
2015-01-01,Stars shine at premiere of Strictly Ballroom the Musical in Melbourne
2015-01-01,Australian Open 2015: Serena Williams sets up Melbourne final with ...
2015-01-01,Melbourne men show how to conduct an unhelpful interview when ...
2015-01-01,Party time for Melbourne as Asian Cup kicks off in Australia
2015-01-01,Forty arrested for drug offences at Melbourne's Above and Beyond ...
2015-01-01,Fare evasion on Melbourne public transport at lowest recorded level
2015-01-01,"Court urged to lock up alleged armed terror fan, but Melbourne ..."
2015-01-01,Is Melbourne an intense place? Nowhere near intense enough for ...
2015-01-01,Inside Melbourne's maximum security purgatory
2015-01-01,"Scrabble squabble over cheating, playing ban settled in Melbourne ..."
2015-01-01,The 16 essential summer food experiences of Melbourne
2015-01-01,BBL04: Melbourne Stars cruise to victory over Sydney Thunder at ...
2015-01-01,Melbourne couple sue hospital over fatal home birth after 'midwife ...
2015-01-01,Mosquitoes infest Melbourne suburbs during sticky summer
2015-01-01,Video: Batman fan takes to Melbourne streets in own Batmobile
2015-01-01,Victoria weather: Melbourne sweats through hottest day of summer ...
2015-01-01,Help our homeless Diggers: The disgrace of our military veterans ...
2015-01-01,Schoolchildren still traumatised by murder of Melbourne Grammar ...
2015-01-01,Melbourne couple John Wylie and Myriam Boisbouvier-Wylie give ...
2015-02-01,Australian Open 2015: Novak Djokovic wins fifth Melbourne Park ...
2015-02-01,Melbourne becomes Mumbai in a sea of blue
2015-02-01,3D printing: Melbourne engineers print jet engine in world first
2015-02-01,Melbourne Jewish school sent pedophile teacher to Israel
2015-02-01,White Night Melbourne 2015: The best of an all-night spectacle
2015-02-01,"Melbourne Demons want to play AFL final in 2016, have 50000 ..."
2015-02-01,Melbourne's No. 2 draft pick Christian Petracca tears anterior ...
2015-02-01,Pedestrian killed by garbage truck at busy Melbourne CBD ...
2015-02-01,The Fat Duck Melbourne opens doors at Crown
2015-02-01,Brawl erupts inside Melbourne Magistrates' Court
2015-02-01,Melbourne Metro Rail Project funding 'fast-tracked'
2015-02-01,Men wanted for bashings spree in Melbourne's inner south
2015-02-01,"Real Housewives of Melbourne, episode 1 recap: New housewives ..."
2015-02-01,Melbourne puts rock icon Chrissy Amphlett on the map
2015-02-01,Police hunt killer who shot Melbourne man in the face
2015-02-01,Excited fans turn out to welcome Afghanistan cricket team to ...
2015-02-01,Real Housewives of Melbourne returns for season two
2015-02-01,Strong winds and heavy rain to hit Melbourne and regional Victoria
2015-02-01,Stuart Rattle murder: Partner who strangled prominent interior ...
2015-02-01,"Laneway Festival 2015 – Melbourne, 07/02/15"
2015-02-01,Melbourne man clings to life after jumping from a moving train
2015-02-01,Melbourne allowing high-rise development at rate that would never ...
2015-02-01,Cyclist 'car-doored' before being killed by passing truck in Melbourne
2015-02-01,"Work starts on new 1000-bed Ravenhall Prison in Melbourne, as ..."
2015-02-01,Man's body found on footpath in Collins St Melbourne
2015-02-01,Man 'shot in head' fighting for life in Melbourne hospital
2015-02-01,Melbourne IT to acquire Uber Global
2015-02-01,Melbourne's first Anglican female bishop dies
2015-02-01,More than 200 Coles jobs axed in Melbourne
2015-02-01,Zara Home is now open in Melbourne
2015-02-01,Police fear 'subculture' of dangerous behaviour on Melbourne's train ...
2015-02-01,"The Hi-Fi bar, Melbourne music institution goes bust"
2015-02-01,"Three Melbourne men arrested over alleged tax fraud, money ..."
2015-02-01,New Real Housewives of Melbourne star Pettifleur Berenger is ...
2015-02-01,Drug-addled driver jailed after crashing into Melbourne cafe
2015-02-01,White Night Melbourne 2015: Arts event heads big city crush of ...
2015-02-01,Waste-free cafe to close over compost dispute
2015-02-01,"Melbourne weather: Storms flood homes, delay flights"
2015-02-01,Real Housewives of Melbourne's Pettifleur Berenger embroiled in ...
2015-02-01,Melbourne beats Sydney in American students' Google searches for ...
2015-02-01,Adelaide's air traffic control could be 'cut' and moved to Melbourne in ...
2015-02-01,Melbourne and Sydney's live music scenes are changing ...
2015-02-01,Melbourne young guns Storm into NRL contention after strong trial ...
2015-02-01,Cereal Anytime: Australia's first cereal cafe opens in Melbourne
2015-02-01,Creator of the Real Housewives of Melbourne reveals what it takes ...
2015-02-01,"ANZ cuts 140 jobs from its Melbourne, Sydney offices"
2015-02-01,Melbourne's famous Keith Haring mural defaced by graffiti
2015-02-01,Homicide squad investigating Briar Hill death in Melbourne
2015-02-01,Trams that never stop at traffic lights could be part of Melbourne's ...
2015-02-01,Melbourne announces 2015 leaders
2015-02-01,Bland new station names for Melbourne Metro project reimagined
2015-02-01,Teachers launch crowdfunding campaign to open Sandridge School ...
2015-02-01,Man shot dead confronting intruder at home in Melbourne's west
2015-02-01,Melbourne weather: hot and getting hotter as summer kicks in
2015-02-01,Monash suburbs rank among Melbourne's top growth zones
2015-02-01,"Ferrari, Mercedes, Toyota for new Melbourne motor show"
2015-02-01,"Ford Opening New Melbourne Office, Transforming Broadmeadows ..."
2015-02-01,Scientology's secret riches revealed
2015-02-01,Prices picked to rise amid demand in Melbourne greenfield suburbs
2015-02-01,Melbourne's Royal Children's Hospital a world leader
2015-02-01,Final Soundwave 2015 Timetables Released
2015-02-01,Queen Victoria Market to be open every day and night
2015-02-01,The Fat Duck Melbourne
2015-02-01,Woman and guide dog fall onto Melbourne train tracks
2015-02-01,Aurecon completes 6 Star Melbourne fitout
2015-02-01,"Man wearing blonde wig, fishnets holds up Melbourne fast-food ..."
2015-02-01,Lean takings as tightwad diners exploit Lentil As Anything's philosophy
2015-02-01,Melbourne weather: City records its coldest January in 10 years
2015-02-01,Jewish security group not fearful of Melbourne attacks
2015-02-01,Melbourne ice cream maker Dairy Bell saved by Bon Appetit deal
2015-02-01,Large debt' sparked Chinatown killing in Melbourne's CBD
2015-02-01,"Rare 'Doctor Who' synthesiser, EMS Synthi 100, restored in ..."
2015-02-01,Melbourne's Testing Grounds project breathes life into dead urban ...
2015-02-01,"Melbourne weather: Coldest summer spell in 65 years, but warm ..."
2015-02-01,Yum charm: Melbourne's best yum cha restaurants
2015-02-01,Real Housewives of Melbourne star Lydia Schiavello flew to King ...
2015-02-01,Two Melbourne police officers charged with drug trafficking ...
2015-02-01,Here's Our Picks Of The 2015 Melbourne Comedy Festival Lineup
2015-02-01,Joost Bakker's waste-free cafe to close following council compost ...
2015-02-01,Melbourne's ghost sign hunters open windows to the past
2015-02-01,Petrol jumps to 124.9 cents at some Melbourne bowsers
2015-02-01,Melbourne weather: cricket fans hold hopes for clear skies for MCG ...
2015-02-01,Legal history: High Court to hear Melbourne death row dog case
2015-02-01,Melbourne level crossing removal plan to be fast-tracked ...
2015-02-01,"WiFi upgrade, more televisions as MCG revamps technology"
2015-02-01,Melbourne ticket inspectors nab passengers outside free tram zone
2015-02-01,French man charged with trying to smuggle cocaine through ...
2015-02-01,AFL v A-League — which sport has the best atmosphere for fans?
2015-02-01,Jesse Hogan kicks three goals in Melbourne's intra-club match
2015-02-01,"Arson attacks, shootings and assaults hit some Melbourne restaurants"
2015-02-01,Two people charged with murder over Melbourne balcony fall
2015-02-01,Sydney's Vivid Festival trolls Melbourne's White Night festival with ...
2015-02-01,The Lion King musical returns to Melbourne after grossing more ...
2015-02-01,"Eleven arrested as rifles, drugs, cash, cars seized in raids in ..."
2015-02-01,"Private Melbourne: fashion, festivals and Franks"
2015-02-01,Melbourne's White Night festival creates 'magical moments' around ...
2015-02-01,Stuck trucks: Are Melbourne truckies height challenged?
2015-02-01,David Bowie to be subject of Melbourne academic conference
2015-02-01,White Night Melbourne 2015: what you need to know about ...
2015-02-01,My Kitchen Rules: Melbourne's Ash and Camilla risk French menu
2015-03-01,Jake Bilardi: Melbourne teenager who joined Islamic State left bomb ...
2015-03-01,Melbourne Grand Prix: South Australia 'has itself to blame' for losing ...
2015-03-01,Australian Grand Prix: Lewis Hamilton wins in Melbourne ahead of ...
2015-03-01,Aussie cricket team still partying at dawn in Melbourne
2015-03-01,Teenage girl stabbed to death in Doncaster park in Melbourne's east
2015-03-01,Jill Meagher killer Adrian Bayley found guilty of three more rapes
2015-03-01,Melbourne police officers pull up Arnold Schwarzenegger for riding ...
2015-03-01,Melbourne priest apologises for derogatory comments about Jill ...
2015-03-01,Fernando Alonso to miss Australian Formula One Grand Prix in ...
2015-03-01,AirAsia X flight from Sydney to Malaysia back in the air after making ...
2015-03-01,Mother of murdered Melbourne teen says heartbreak will never heal
2015-03-01,Melbourne housing market recording slower annual growth than last ...
2015-03-01,Alleged paedophile Peter Gerard Scully fled a sordid past in ...
2015-03-01,"Melbourne had eye on grand prix since 1980s, claims retiring chief ..."
2015-03-01,Jake Bilardi: What we know about Melbourne teenager linked to ...
2015-03-01,Dulux to build new factory in Melbourne
2015-03-01,Suspected arson attack at third Melbourne Catholic church with links ...
2015-03-01,Essendon deny Melbourne in thriller
2015-03-01,Melbourne extremist Suhan Raham reportedly killed fighting for ...
2015-03-01,Thousands march in Melbourne on Palm Sunday to protest asylum ...
2015-03-01,Questions over Tony Abbott's VIP flight to Melbourne to attend ...
2015-03-01,"Fire destroys heritage-listed St James Church in Brighton, in ..."
2015-03-01,Malaria vaccine breakthrough by Melbourne researchers
2015-03-01,Melbourne: the world's sixth most expensive city
2015-03-01,Ritz-Carlton to feature in Melbourne CBD development
2015-03-01,Melbourne's planning disaster: jobs boom in CBD while affordable ...
2015-03-01,Police fear escalating violence in pokies hold-ups in Melbourne's ...
2015-03-01,A plan to turn Melbourne's Elizabeth Street into a rainforest canal
2015-03-01,MELBOURNE mother and son killed in the Germanwings Airbus ...
2015-03-01,Courtney Barnett's 'Depreston' song strikes a chord with first-home ...
2015-03-01,NAB Challenge: Melbourne defeats Western Bulldogs by seven ...
2015-03-01,"Earthquake hits Melbourne suburb of Pakenham, shakes homes"
2015-03-01,Dutch backpacker held hostage as sex slave by Alfio Anthony Granata
2015-03-01,Melbourne to ban smoking in outdoor eating areas under Mayor's ...
2015-03-01,Body discovered in burnt out car in Eumemmerring reserve in ...
2015-03-01,University of Melbourne study warns of harmful compounds found in ...
2015-03-01,Melbourne 'should bid' for 2032 Olympics
2015-03-01,Melbourne V Sydney – the Capital of Charity and Philanthropy
2015-03-01,Ballarat rail jobs saved as Daniel Andrews orders new trains for ...
2015-03-01,Melbourne Grand Prix: F1 driver Giedo van der Garde asks court to ...
2015-03-01,Speaker who uses wheelchair 'carried onto stage' at Melbourne ...
2015-03-01,Freo edge out Melbourne in NAB Challenge
2015-03-01,Suspected senior crime boss Rocco Arico arrested in Melbourne raids
2015-03-01,Melbourne's billion-dollar rail system sells passengers short
2015-03-01,Mashrafe out for Melbourne redemption
2015-03-01,Melbourne suicide bomber was weak'
2015-03-01,Melbourne's new mega play park opens for business
2015-03-01,Baby taken to wrong parents at St Vincent's Private Hospital in ...
2015-03-01,What Melbourne will look like in 2043
2015-03-01,Melbourne Cup Carnival brings in millions of dollars to Victoria's ...
2015-03-01,The mysterious Diner en Blanc in Melbourne – review
2015-03-01,Residents evacuated after Melbourne apartment building fire
2015-03-01,Melbourne rapper Remi takes hip-hop to the top to win Australian ...
2015-03-01,Melbourne storms: The Patch mourns boy killed in wild weather
2015-03-01,"Protesters “shut down Melbourne"" to fight against closure of ..."
2015-03-01,Brett Whiteley $4.5m art fraud case heard in Melbourne Magistrates ...
2015-03-01,Portrait building: Is the new face of Melbourne too shy?
2015-03-01,A comedian's guide to the Melbourne Comedy Festival
2015-03-01,Young man killed in workplace accident south-east of Melbourne
2015-03-01,The Gamble Stripper Rumor On 'Real Housewives of Melbourne' Is ...
2015-03-01,Australian cities boom as Melbourne closes in on Sydney
2015-03-01,Across the great divide - a tale of two Melbournes
2015-03-01,Tasmanian Minister to take Victorian Government to task over Port of ...
2015-03-01,Melbourne Might Finally Get Some Decent Public Transport Apps Now
2015-03-01,Rocco Arico: Suspected organised crime boss refused bail in ...
2015-03-01,Over 50 Drug Arrests At Future Music Festival Melbourne
2015-03-01,Melbourne childcare centres charge well above Productivity ...
2015-03-01,Melbourne City powers past Jets to boost play-off hopes
2015-03-01,Cyclist groups push for safety awareness campaigns after dooring ...
2015-03-01,Boost for Melbourne's Busiest Train Line
2015-03-01,Hearts melt for Melbourne's baby gorilla 'girl'
2015-03-01,Melbourne's own Monopoly Board
2015-03-01,Haileybury College buys Melbourne CBD office from Singapore ...
2015-03-01,Police are investigating the death of a Melbourne woman in Bali
2015-03-01,Train hits car in Melbourne's south-east
2015-03-01,Melbourne's safety ranking takes hit in Safe Cities Index 2015 amid ...
2015-03-01,Melbourne City scored late through James Brown to score an upset ...
2015-03-01,Melbourne homeless welfare capital as handouts draw interstaters
2015-03-01,Melbourne set to pay full cap
2015-03-01,Police release CCTV in hope of finding Melbourne mum's killer
2015-03-01,Ritz-Carlton confirmed for Melbourne
2015-03-01,Melbourne CBD's outdoor smoking ban expanded
2015-03-01,Three men charged with murder after body parts found in Melbourne ...
2015-03-01,Thousands rally in Melbourne against Abbott government's ...
2015-03-01,Melbourne Easter weather: Showers and storms forecast for long ...
2015-03-01,Planning minister: skyscrapers make Melbourne's CBD hostile
2015-03-01,Ex-Melbourne Housewife Andrea Moss reveals 'I just wasn't bitchy ...
2015-03-01,Din Tai Fung to open in Melbourne's Emporium
2015-03-01,Breaking the ruler: Melbourne school lets students choose when to ...
2015-03-01,Salvation Army retired General Eva Burrows remembered as 'the ...
2015-03-01,Melbourne terror suspect Adnan Karabegovic to face trial in October ...
2015-03-01,What Perth can learn from Melbourne: Lord Mayor Robert Doyle ...
2015-03-01,Melbourne cops injured after stolen ute smashes into police van
2015-03-01,Four Yeshiva Melbourne leaders stand down after child sex abuse ...
2015-03-01,CiscoLive: 'Stadium Vision' world first for Melbourne's Etihad stadium
2015-03-01,Melbourne IT plans acquisition spree
2015-03-01,Melbourne taxi driver caught on camera abusing young passengers
2015-03-01,Nathan Jones hails Melbourne young gun Christian Salem
2015-03-01,Melbourne: 'Continuous Flow' Design Proposed For Hoddle Street ...
2015-03-01,Melbourne's 'appalling legacy' of poor apartments
2015-04-01,Men arrested in Melbourne over alleged 'ISIS-inspired' Anzac Day ...
2015-04-01,So this is Easter: Melbourne faces off at anti-Islam rally as police on ...
2015-04-01,Anzac Day 2015: Rain fails to deter massive crowds at Melbourne ...
2015-04-01,Police investigate how mother of seven crashed into Melbourne lake
2015-04-01,Al-Furqan Islamic Centre in Melbourne to close its doors after terror ...
2015-04-01,"Sharky Jama, Melbourne male model, reportedly killed fighting with ..."
2015-04-01,Southbank restaurant siege in Melbourne ends with arrest of man ...
2015-04-01,Jeremy Howe could be poached from Melbourne with rival clubs ...
2015-04-01,$9-11b Melbourne Metro Swanston Street project to go ahead ...
2015-04-01,East West Link: Taxpayers hit with $339 million bill as Government ...
2015-04-01,Murder of Melbourne pastry chef Renea Lau one of the worst: Crown ...
2015-04-01,Thousands rally in Melbourne in support of remote Aboriginal ...
2015-04-01,"Anzac Day terror plot 'involved killing cop, shooting rampage' as ..."
2015-04-01,Daniel Andrews announces second river crossing freeway costing ...
2015-04-01,Melbourne Airport ties with Perth for worst in Australia for service
2015-04-01,Melbourne attracts more sporting tourists than anywhere else in ...
2015-04-01,Melbourne musician Daniel Buccheri's best man speech at brother's ...
2015-04-01,Police hunt pervert seen near Melbourne playground
2015-04-01,"Homeless man Scott Miller jailed over murder, rape in Melbourne ..."
2015-04-01,Shane Edwards gathers 24 touches in Richmond's disappointing ...
2015-04-01,Thousands gather in Melbourne's CBD to protest against proposed ...
2015-04-01,Australia's most expensive apartment sells for $25m in Southbank ...
2015-04-01,Man dies after being dropped off at Melbourne hospital with gunshot ...
2015-04-01,South Park creators' Trey Parker and Matt Stone's Broadway hit The ...
2015-04-01,CCTV captures 'cowardly' stabbing of bouncer outside Melbourne ...
2015-04-01,Melbourne plane crash: Two light aircraft collide on runway at ...
2015-04-01,Melbourne IT advances cloud growth plan with 2nd Watch
2015-04-01,Melbourne Demons have selection options after first-up win
2015-04-01,Building contractor 'questions himself every day' over fatal ...
2015-04-01,"Affordability ""deteriorating"" in Melbourne and Sydney: Moody's"
2015-04-01,"Woman punched, sexually assaulted as men hurl abuse at her in ..."
2015-04-01,Finks motorbike gang open Melbourne clubhouse
2015-04-01,Bolivia's Death Road nearly claims Melbourne man after cliff plunge
2015-04-01,Melbourne raids: Police to investigate complaint from Aboriginal ...
2015-04-01,Man charged over cross-dressing robbery of Melbourne service station
2015-04-01,A CSIRO tool shows the expected average climate in your home ...
2015-04-01,Melbourne suburb wants to be declared an independent nation
2015-04-01,"Real Housewives of Melbourne, episode 7 recap: Thriller in Manila ..."
2015-04-01,"True Believers to invade Melbourne once again, March to Etihad"
2015-04-01,Suspicious fire at fourth Melbourne church
2015-04-01,Melbourne city centre blocked by protests over closure of ...
2015-04-01,Real Housewives of Melbourne star Lydia Schiavello's son accused ...
2015-04-01,Emily Bitto wins 2015 Stella Prize for her novel The Strays
2015-04-01,Melbourne Anzac terror plot: Sevdet Besim appears in court over ...
2015-04-01,Melbourne on track to become Australia's biggest city: ABS data
2015-04-01,Three Canadians jailed over Melbourne drug trafficking syndicate
2015-04-01,Non-compliant cladding fuelled Melbourne apartment tower fire ...
2015-04-01,Fire uncovers drug lab in Melbourne CBD apartment
2015-04-01,"Brett Whiteley fake artworks: Accused art conservator, dealer ..."
2015-04-01,"Melbourne docks crime blitz targets bikies, crime gangs"
2015-04-01,Gabi Grecko has been charged with offensive behaviour after she ...
2015-04-01,Enough is Enough rally: Hundreds call for end to violence against ...
2015-04-01,War medals stolen from Melbourne home of veteran who served in ...
2015-04-01,"Five Adelaide Crows, four Melbourne Demons players fined for ..."
2015-04-01,Islamic preacher Junaid Thorne backs Melbourne terror raid suspects
2015-04-01,Sophia Loren in Melbourne for the Alannah and Madeline Foundation
2015-04-01,Frasers Centrepoint in $222m Melbourne tower deal
2015-04-01,Melbourne hacker admits to cyber attacks on Australian government ...
2015-04-01,Anzac Day 2015: Federation Square taken over by a sea of red ...
2015-04-01,From Abbey Road to Melbourne
2015-04-01,Retiring Ron Walker: Melbourne Formula One Grand Prix is ready ...
2015-04-01,"Macquarie Radio Network dominates Sydney, Melbourne airwaves ..."
2015-04-01,"The Wombats, Circa Waves Splendour 2015 Sideshows"
2015-04-01,"Motorcycles in, cars out, in bold parking plan for Melbourne's CBD"
2015-04-01,Cross-dressing thief armed with 'machine gun' robs Melbourne ...
2015-04-01,Melbourne's northern suburbs offer lifestyle and value
2015-04-01,Fairfax: Magic Melbourne staff slashed
2015-04-01,"Real Housewives of Melbourne, episode 9 recap: Gamble's sex ..."
2015-04-01,"Mistress charged with killing boy, woman with garden shears"
2015-04-01,"Real Housewives of Melbourne, episode 10 recap: Gina and ..."
2015-04-01,Police search for man who filmed woman in toilet cubicle at ...
2015-04-01,KISS rock band tipped to open restaurant in Melbourne
2015-04-01,Melbourne church blaze sites house shameful history of abuse
2015-04-01,Drink-driver crashes into home in Melbourne's north
2015-04-01,Melbourne's most prestigious address 101 Collins fights view intruder
2015-04-01,Where can you buy a home in Melbourne on your wage?
2015-04-01,Clarke to captain Melbourne Stars
2015-04-01,Melbourne's apartment sizes face more scrutiny
2015-04-01,Docklands apartment tower fire fuelled by material in building's walls ...
2015-04-01,Singapore developer launches first foray into Melbourne house and ...
2015-04-01,Forensics identify body found in burnt out car as Melbourne man ...
2015-04-01,Ciao factor: Hollywood siren Sophia Loren wows Melbourne for a ...
2015-04-01,Monstrous' suburban skyscraper planned for one of Melbourne's ...
2015-04-01,Former police whistleblower Simon Illingworth swaps gangland ...
2015-04-01,V/Line and Metro clash over state of tracks on busy Melbourne rail line
2015-04-01,"Real Housewives of Melbourne, episode 8 recap: Gina and Jackie's ..."
2015-04-01,Four Melbourne traffic bottlenecks and what VicRoads is doing to fix ...
2015-04-01,30 under 30: meet Melbourne's next generation of writers
2015-04-01,Hundreds of bus services in Melbourne's west and north face being ...
2015-04-01,Cycle Messenger World Championships delivers victory to reigning ...
2015-04-01,Melbourne Comedy Festival 2015: Reviewer Patrick Horan's last ...
2015-04-01,AC/DC Announce New Shows For Sydney And Melbourne
2015-04-01,Just $50 a head will make Melbourne a better city for cyclists
2015-04-01,Online map aims to simplify the hunt for a parking spot in ...
2015-04-01,Women fleeing violence only able to afford one suburb in Melbourne ...
2015-04-01,Metro Rail project: Victorian Premier announces $1.5b towards city ...
2015-04-01,Last ever Camry rolls off the line at Toyota's Altona plant
2015-04-01,Major expansion for Fishermans Bend with new employment precinct
2015-04-01,Teacher at top Melbourne private school quits over 'innuendo-filled ...
2015-04-01,Community legal centres push to remove guns from Victoria's ...
2015-05-01,Teen charged with terrorism offences after Melbourne police raids
2015-05-01,Police slam 'hardcore' soccer fans after clash following Melbourne ...
2015-05-01,Melbourne teen remanded in custody after facing court over alleged ...
2015-05-01,Four things we learned from Victory's 3-0 win over City
2015-05-01,Melbourne Jihadi brides: 12 young women flee suburbs to join IS
2015-05-01,Melbourne is experiencing a housing bubble and reality TV is partly ...
2015-05-01,Port of Melbourne to be privatised with 50-year lease to fund ...
2015-05-01,Andrews Government unveils $22 billion for infrastructure projects in ...
2015-05-01,Melbourne's road and rail users face crush without major upgrades ...
2015-05-01,Police hunt for gunman in Melbourne after shooting near organics ...
2015-05-01,Anti-Islam protesters and anti-racism activists clash in Melbourne
2015-05-01,Melbourne teen Irfaan Hussein dies fighting with jihadis in Middle East
2015-05-01,Good Samaritan assaulted after standing up for Muslim women who ...
2015-05-01,Melbourne City Council orders removal of padlocks from Yarra ...
2015-05-01,Melbourne women's AFL team beats Western Bulldogs by eight ...
2015-05-01,Rare albino sparrow spotted in Melbourne's south-west
2015-05-01,The US Consulate in Melbourne warns terror attack in Australia is ...
2015-05-01,Melbourne put on flood warning
2015-05-01,Ice addict Alfio Granata jailed over six-week rape and torture ordeal ...
2015-05-01,School committee associates flew Adass Israel School principal out ...
2015-05-01,Thousands gather in Melbourne's CBD to protest against proposed ...
2015-05-01,Female gorilla at Melbourne Zoo killed by male in show of ...
2015-05-01,MX axed: how your mobile killed off the freebie paper
2015-05-01,"ASIC chairman Greg Medcraft warns on Sydney, Melbourne ..."
2015-05-01,Melbourne's new tolled tunnel plan gets support from Prime Minister ...
2015-05-01,Two freeway pileups cause havoc in Melbourne's west
2015-05-01,Melbourne terror suspect Sevdet Besim denied bail over alleged ...
2015-05-01,Melbourne auction clearance rate hits year-high
2015-05-01,Melbourne's largest planned 'no smoking' zone to take up entire ...
2015-05-01,Melbourne bridge's 20000 'love locks' to be removed
2015-05-01,Chaos amid the Melbourne Metro Rail Link tunnel revolution
2015-05-01,Sandridge Bridge to become Melbourne's own High Line garden
2015-05-01,Edinburgh Military Tattoo to perform in Melbourne in 2016
2015-05-01,"Melbourne weather: Snow's falling, winter is unofficially here"
2015-05-01,Subcontractor fined over involvement in fatal wall collapse in ...
2015-05-01,CCTV of stalker who chased woman home in Melbourne released ...
2015-05-01,High-rise 'time bomb' warning prompts building safety audit in ...
2015-05-01,Action on Victoria's very small apartments
2015-05-01,Six arrested after ute rams police car in Melbourne
2015-05-01,Melbourne private school Scotch College admits to historical abuse ...
2015-05-01,"Woman's body found in Melbourne's north, man in custody"
2015-05-01,Young Melbourne footballer Mohammed Allouche dies after ...
2015-05-01,Teenager sexually assaulted in her own home in Cheltenham in ...
2015-05-01,Islamic State recruiter makes contact with popular Melbourne sheikh
2015-05-01,Fremantle beats Melbourne by 68 points at the MCG to maintain ...
2015-05-01,Melbourne Freeway Tunnel Twice the Price of Sydney's
2015-05-01,Ancient Coptic Orthodox Church develops new high-rise parish in ...
2015-05-01,"Online date raped three women in Windsor, Melbourne, police allege"
2015-05-01,The Terrifying Clown On Melbourne Trains Has Been Found and ...
2015-05-01,Adam Reynolds injured for Souths as they try and break Melbourne ...
2015-05-01,Melbourne city centre blocked by protests over closure of ...
2015-05-01,Joe Hockey to receive letter from stevedores on Port of Melbourne ...
2015-05-01,Violent teen gang behind 'hundreds' of Melbourne armed robberies
2015-05-01,Level crossings in Melbourne's south-east first to go in election to-do ...
2015-05-01,Melbourne-made double-decker bus ready to rumble when ...
2015-05-01,Protester left hanging from Melbourne building after abseiling fall
2015-05-01,Scary clown apologises to commuters on a Melbourne V/Line train
2015-05-01,Melbourne's Bourke Street re-opened after man jumping on building ...
2015-05-01,How Courtney Barnett's Melbourne songs went global on ...
2015-05-01,Solar power proposal for Melbourne trams challenges coal generators
2015-05-01,Federal Government providing $150m for M80 upgrade in ...
2015-05-01,Melbourne weather: Winter arrives with icy blast; hopes for early ...
2015-05-01,Homeless man jailed for brutal rape and murder of Melbourne ...
2015-05-01,Melbourne United co-owner Larry Kestelman to take control of NBL ...
2015-05-01,Masked thieves targeting Melbourne homes linked to multi-million ...
2015-05-01,Melbourne council City of Yarra considers graffiti tours while cutting ...
2015-05-01,Homeless of Melbourne search for pop-up shop location following ...
2015-05-01,"THE FALSE 9: Tavares says take me to Melbourne, baby"
2015-05-01,Homeless couple set up home under Melbourne bridge as they wait ...
2015-05-01,Victoria Police unveils its new headquarters in Melbourne's CBD
2015-05-01,The faces of Melbourne: which migrants went to which suburbs
2015-05-01,More Sydney-based investors are choosing to buy property in ...
2015-05-01,Jet ski 'hoon' Ivan Maqi jailed over swimmer's death at Port Melbourne
2015-05-01,"Real Housewives reunion recap, part 1: Pettifleur's shock walkout"
2015-05-01,I basically beat the crap out of him': Melbourne karate expert turns ...
2015-05-01,AFL 2015: Essendon's record-breaking 2001 win over North ...
2015-05-01,Shawshank' inmate arrested in Melbourne after 1959 escape
2015-05-01,Melbourne's boom gates disrupt motorists for up to 90 minutes in ...
2015-05-01,Melbourne's 24-hour public transport trial puts government's PSO ...
2015-05-01,Melbourne driver who crashed car and hit pedestrians may have ...
2015-05-01,Life in a windowless box: the vertical slums of Melbourne
2015-05-01,"Melbourne jazz institution Bennetts Lane to close its doors, after 23 ..."
2015-05-01,Man pleads guilty to cannabis trafficking syndicate on domestic ...
2015-05-01,Melbourne offices in demand as offshore money floods in
2015-05-01,End to dry polls for Melbourne cafes and restaurants
2015-05-01,Sniffer dogs to search mental health facilities in Melbourne
2015-05-01,Melbourne's The Espy Is Closing Down For “A Few Months”
2015-05-01,Melbourne CBD car spaces now some of city's hottest real estate
2015-05-01,Watch Melbourne's public transport system move in real time
2015-05-01,A Melbourne Muso's App Is Making House Gigs More Popular Than ...
2015-05-01,Sydney Vs Melbourne ... does Australia need its own Silicon Valley?
2015-05-01,Investment company Imperium Group to buy Melbourne Rebels
2015-05-01,One thousand times over I wish I could just take it back': Mum who ...
2015-05-01,Air India drops Sydney-Melbourne tag flights: non-stop to Delhi
2015-05-01,Melbourne mother crippled by flu jab
2015-05-01,Melbourne mums to be hardest hit by Abbott's PPL attack
2015-05-01,Melbourne drug rehab centre fined for misleading claims its detox ...
2015-05-01,Labor candidate for Melbourne admits 'I look like a Green'
2015-05-01,Melbourne weather: Showers and damaging winds until early next ...
2015-05-01,Sunshine Plaza in Melbourne's west sells for $35 million
2015-06-01,Melbourne prison riot: Heavily armed police confront masked ...
2015-06-01,Snapshot of salaries and house prices shows who can afford to buy ...
2015-06-01,Malaysia Airlines flight forced to return to Melbourne Airport after ...
2015-06-01,Corrupt Malaysia money distorts Melbourne market
2015-06-01,Five talking points: Melbourne v Collingwood
2015-06-01,State of Origin Melbourne: Why Victoria should (will) support ...
2015-06-01,"Melbourne Express Live: Thursday June 18, 2015"
2015-06-01,CFMEU to pay Grocon $3.55m over 2012 Melbourne CBD blockade
2015-06-01,Live NRL: Canterbury Bulldogs v Melbourne Storm
2015-06-01,AFL 2015: Melbourne defeats Geelong by 24 points at Simonds ...
2015-06-01,Melbourne apartment and house falls on the radar: BIS Shrapnel
2015-06-01,Melbourne Demons haunted at Etihad Stadium by rare place in ...
2015-06-01,Families grieve after bodies of missing Melbourne fishermen found
2015-06-01,"Property boom accelerates in Sydney, Melbourne, slide builds in ..."
2015-06-01,Sydney and Melbourne housing bubble stealing oxygen from the ...
2015-06-01,Labor warns it will bypass Parliament to sell Port of Melbourne
2015-06-01,"Melbourne better than Sydney, Monocle Quality of Life survey finds"
2015-06-01,Melbourne IT buys 50.2pc of app developer Outware Mobile for ...
2015-06-01,Snake smugglers thwarted by Melbourne biosecurity officials
2015-06-01,Melbourne commuter chaos after train lines closure
2015-06-01,Imperium Group takes charge of Melbourne Rebels after buying ...
2015-06-01,Melbourne traffic thrown into chaos as protest against closure of ...
2015-06-01,Australians flock to Melbourne as Victoria becomes Australia's ...
2015-06-01,"Titanium, 3D-printed prosthetic jaw implanted in Melbourne man in ..."
2015-06-01,Five more elite Melbourne schools caught in Scotch College get-rich ...
2015-06-01,NSW Premier Mike Baird slams Melbourne as miserable rainy and ...
2015-06-01,Cronk injured in Melbourne win
2015-06-01,"Terror postcodes: Sydney, Melbourne suburbs revealed"
2015-06-01,Unregistered dentist Muhammet Velipasaoglu allegedly worked ...
2015-06-01,World's 50 Best Restaurants 2015: Melbourne's Attica among top ...
2015-06-01,Man dies after being shot in southeast Melbourne
2015-06-01,Rugby league takes over Melbourne
2015-06-01,Pole spears through police divisional van in Melbourne CBD tram ...
2015-06-01,Dramatic police incident in Melbourne CBD shuts down Flinders Street
2015-06-01,Hundreds of shipbuilding jobs under threat at BAE Systems in ...
2015-06-01,Teen girl charged over Melbourne stabbing appears in court
2015-06-01,House prices around the world: Sydney and Melbourne up but Hong ...
2015-06-01,Three more 'illegal' dental clinics uncovered in Melbourne's northern ...
2015-06-01,No reasons' to leave Melbourne: Hogan
2015-06-01,Afghan refugee jailed for eight years for thwarted 'honour killing' in ...
2015-06-01,Ritz Carlton to open Australia's tallest hotel in Melbourne
2015-06-01,"Man racially abused, bashed in 'sickening' attack in Melbourne's ..."
2015-06-01,"Man, 59, arrested over sexual assault of girls in Melbourne in 1980s ..."
2015-06-01,Between Origins: Rugby league's growth in Melbourne
2015-06-01,Monika Radulovic crowned Miss Universe Australia in Melbourne
2015-06-01,Melbourne teacher wrongly imprisoned for child abuse demands ...
2015-06-01,Cyclist killed in collision with truck in Melbourne's west
2015-06-01,"Melbourne men pistol-whipped, Tasered and extorted in Bali"
2015-06-01,Preview: St Kilda vs Melbourne
2015-06-01,Melbourne drive-by shooting blamed on love triangle
2015-06-01,Gabi Grecko marries Geoffrey Edelsten in Vegas style wedding...in ...
2015-06-01,Melbourne's late-night liquor ban relaxed
2015-06-01,Melbourne man charged with ex-wife's murder remanded until October
2015-06-01,G'day' from space: Astronaut snaps Melbourne from International ...
2015-06-01,Melbourne shivers through coldest day in a year
2015-06-01,Melbourne west's metamorphosis defies popular myths
2015-06-01,Young Melbourne mum allegedly murdered by teenage partner
2015-06-01,Urban forest creation guide unveiled in Melbourne in bid to increase ...
2015-06-01,Angus Brayshaw gives Melbourne back-to-back Rising Star ...
2015-06-01,Greek nationals move to Melbourne to escape growing economic ...
2015-06-01,Melbourne auctions maintain Autumn glow into winter
2015-06-01,Family of MH17 Australian victim 'heartbroken' as Melbourne ...
2015-06-01,Melbourne residents in shock after early morning firebomb attack
2015-06-01,Fire at China Bar restaurant in Melbourne's CBD causes $250000 ...
2015-06-01,Winter has come: Melbourne wakes up to freezing temperatures
2015-06-01,Well-dressed goat goes for a ride on Melbourne train
2015-06-01,Melbourne man Joseph Drago jailed for 11 years for killing ...
2015-06-01,Driver sacked after special needs teen left on Melbourne school bus ...
2015-06-01,"Owner appeals for safe return of puppy Ted, stolen in Melbourne ..."
2015-06-01,Melbourne researchers find breakthrough for head and neck cancer ...
2015-06-01,"Cricket Australia says Boxing Day Test will stay at MCG, rejects ..."
2015-06-01,"Jealous' killer Bona Lual, who mutilated estranged wife in ..."
2015-06-01,Melbourne Metro rail project: Drilling begins on Swanston St for new ...
2015-06-01,Rental growth slowdown signals property boom on borrowed time
2015-06-01,Melbourne weather: Winter start breaks coldest June day record
2015-06-01,"Melbourne Abortion Clinic Sick Of Protesters, Goes To Supreme Court"
2015-06-01,Career over for Finnish pilot arrested in Melbourne over tainted money
2015-06-01,Sinkhole opens up in suburban Melbourne street
2015-06-01,Man who raped Melbourne schoolgirl at knifepoint jailed for more ...
2015-06-01,Ron Clarke public memorial service to be held in Melbourne
2015-06-01,Onlooker stabbed in the face as couple argue at Melbourne train ...
2015-06-01,Creator of London's Oyster card could be myki saviour
2015-06-01,Victoria Police officers finding guns 'every two days' in Melbourne's ...
2015-06-01,The 20 things that threaten Melbourne's liveability
2015-06-01,Free wi-fi may soon be available on Melbourne's trams
2015-06-01,A house divided: brothers in Collingwood and Melbourne camps
2015-06-01,Car thieves taunt police in Melbourne's outer east
2015-06-01,Police arrest 35 people during sniffer dog drug swoop at Melbourne ...
2015-06-01,Why Melbourne has the best cafes in the world
2015-06-01,Listen Out 2015 Lineup Announced
2015-06-01,Melbourne Bledisloe Cup: Victoria uses State of Origin success to ...
2015-06-01,Melbourne mansion owners accused of putting on facade for ...
2015-06-01,Melbourne coach Paul Roos won't play blame game over loss to ...
2015-06-01,Five things you can do to help the homeless - today
2015-06-01,Five ways to pop the housing bubble myth in Melbourne
2015-06-01,Din Tai Fung at Emporium in CBD has best dumplings in Melbourne
2015-06-01,Sale of Defence land could help ease Melbourne housing ...
2015-06-01,Tracking device found to have sparked bomb scare for Melbourne ...
2015-06-01,Friends pay tribute to slain Melbourne mother Brittany Shanice Harvie
2015-06-01,Melbourne Named One Of The World's Leading Music Cities
2015-07-01,Drone shows violent clashes between protesters and police in ...
2015-07-01,Real Madrid arrive in Melbourne ahead of International Champions ...
2015-07-01,Australian nurse Adam Brookman lands in Melbourne after returning ...
2015-07-01,Melbourne prison riot: Fire crews respond to Ravenhall cell blaze as ...
2015-07-01,Bronwyn Bishop spends $5000 on 80km charter helicopter flight ...
2015-07-01,Bootylicious building borrows Beyonce's curves
2015-07-01,Melbourne police officer shot by gunman in a car
2015-07-01,"Melbourne Kurds farewell Reece Harding, who died fighting Islamic ..."
2015-07-01,Melbourne tenants feeling the squeeze as rents rise to all-time high
2015-07-01,Salmonella outbreak linked to Melbourne hotel's high tea
2015-07-01,Melbourne mother Annie Nolan's Facebook post about twin ...
2015-07-01,Exclusive: the six problems ruining Melbourne's rail network
2015-07-01,Darcey Freeman inquest: Doctors knew father who threw 4yo off ...
2015-07-01,Melbourne fall over line
2015-07-01,"Melbourne house prices tipped to dive, while Sydney's climb then ..."
2015-07-01,AFL 2015: West Coast Eagles defeat Melbourne Demons by 54 ...
2015-07-01,Melbourne upsets Collingwood by 37 points as Magpies suffer sixth ...
2015-07-01,Orangutan escapes at Melbourne Zoo
2015-07-01,"No new gangland war in Melbourne, police say, despite officer ..."
2015-07-01,Man found with throat cut dies in Crown Metropol hotel in Melbourne
2015-07-01,Melbourne woman who fell pregnant to 12yo boy jailed for sexual ...
2015-07-01,People around the world have been emailing trees in Melbourne to ...
2015-07-01,"Melbourne weather: Showers bring more cold, snow across Victoria"
2015-07-01,Risk of more collapses at Melbourne construction site after nearby ...
2015-07-01,Melbourne Lord Mayor Robert Doyle proposes bike ban for cyclists ...
2015-07-01,Andy Warhol and Ai Weiwei exhibition to open at Melbourne's NGV ...
2015-07-01,"Deaths of 12 young people in Melbourne a 'suicide cluster', Victorian ..."
2015-07-01,Melbourne Airport night curfew inevitable as housing keeps coming
2015-07-01,Melbourne bolsters women's list
2015-07-01,Firearm found on Reclaim Australia rally bus bound for Melbourne ...
2015-07-01,BHP to shed 100 Melbourne head office jobs
2015-07-01,Elias Herodotou charged with murder over alleged Crown Casino ...
2015-07-01,Five talking points: Essendon v Melbourne
2015-07-01,Melbourne Grill'd worker Kahlani Pyrah reinstated following interim ...
2015-07-01,"Rocco Arico, suspected Melbourne crime boss, has curfew relaxed ..."
2015-07-01,Australia set for housing oversupply by 2018: BIS Shrapnel
2015-07-01,Victoria weather: Melbourne shivers through coldest morning in 18 ...
2015-07-01,"Victoria weather: Blizzards, sub-zero temperatures forecast to hit"
2015-07-01,Why is Melbourne growing faster than Sydney?
2015-07-01,Melbourne woman takes Grill'd to court over allegations she was ...
2015-07-01,Tony-winning musical Kinky Boots gets heel-kicking Australian ...
2015-07-01,Man charged with murder over Melbourne road rage incident lashes ...
2015-07-01,Tigerair cancels Melbourne to Mackay direct flights blaming lack of ...
2015-07-01,David Bowie Is: Fans in tears at exhibition opening in Melbourne
2015-07-01,Rachel Khoo's Melbourne food guide
2015-07-01,Christmas Grinch stolen from Dr Seuss gallery in Melbourne
2015-07-01,"Melbourne Wholesale Market, Epping opening pushed back"
2015-07-01,Victorian domestic violence royal commission begins first day of ...
2015-07-01,Qantas heading back to Sunshine Coast and adding Melbourne ...
2015-07-01,Punt Road golden elm is Melbourne's most emailed tree
2015-07-01,Melbourne and Sydney trailing innovative cities like New York and ...
2015-07-01,DIY chimneys and flues linked to fires in Melbourne as cold front hits
2015-07-01,More roads not the answer to Melbourne's congestion woes ...
2015-07-01,Run Melbourne: thousands turn out for annual event
2015-07-01,Warriors beat Melbourne Storm by 14 points as Tuimoala Lolohea ...
2015-07-01,Indian national escapes Melbourne immigration detention centre
2015-07-01,More panic alarms being introduced at busy Melbourne CBD taxi ...
2015-07-01,Man charged over fatal stabbing on footpath in Preston in Melbourne
2015-07-01,Melbourne mother sentenced to five years jail for fatally stabbing ...
2015-07-01,Tradie sought over cold case sex assaults in Melbourne
2015-07-01,Virgin captain entered wrong data into 777 plane that flew too low at ...
2015-07-01,Manchester City v Melbourne City video: Samir Nasri's late goal ...
2015-07-01,"Sydney, Melbourne tighten as Perth sags"
2015-07-01,NBA star Luol Deng in Melbourne for South Sudanese basketball ...
2015-07-01,Man charged after alleged stabbing death in Melbourne's west
2015-07-01,"Housing bubble could burn investors, warns Nobel Prize-winning ..."
2015-07-01,Melbourne woman shares secrets after 'world's toughest ...
2015-07-01,Jamie Williams remanded in custody after attempting to travel to Iraq ...
2015-07-01,"Online classified ads allegedly used to sell drug ice, Melbourne man ..."
2015-07-01,Melbourne gangland deathbed confession
2015-07-01,Two people taken to hospital after stabbing in Newport in ...
2015-07-01,Malka Leifer: Former Melbourne Jewish school principal wins further ...
2015-07-01,Fans unite for major David Bowie Is music exhibition in Melbourne
2015-07-01,"Magpies, kookaburras and willie wagtails among common ..."
2015-07-01,Taxi Commission ambushes UberX driver inside Melbourne courtroom
2015-07-01,"Melbourne shivers through coldest July in 20 years, with wind chill ..."
2015-07-01,Sephora to open first Melbourne store
2015-07-01,"Man, 85, missing from western Sydney nursing home yesterday ..."
2015-07-01,"Qantas cuts flights from Perth to Melbourne, decreases capacity to ..."
2015-07-01,Police use of pepper spray at Melbourne anti-fascist rally condemned
2015-07-01,Metro plan to split Melbourne rail network into five lines hangs on ...
2015-07-01,Melbourne property first as grave site passes $1m mark
2015-07-01,Matt Preston ponders whether Melbourne or Sydney wins Australia's ...
2015-07-01,"Blur Melbourne review: After 18 years, fans made to wait a little ..."
2015-07-01,Professional beggars earning up to $400 a day and intimidating ...
2015-07-01,PayPal executive Mark Van Der Zant jailed for raping woman on ...
2015-07-01,Unique' gun linked to Melbourne police shooting found dumped in ...
2015-07-01,Flinders Street reopened after suspicious package found in ...
2015-07-01,Melbourne men face court over vicious road rage bashing
2015-07-01,Elderly man dies while crossing railway line at Middle Brighton ...
2015-07-01,Sydney's new Convention Centre has poaches Melbourne rivals' top ...
2015-07-01,Melbourne weather: bitter cold snap over but more chilly days ahead
2015-07-01,Soccer: We may be owned by City but we are not a mini Manchester ...
2015-07-01,Kite surfer missing in bayside Melbourne
2015-07-01,Hermitude Announce Huge Sydney And Melbourne Shows
2015-07-01,Streets barber' changing lives with haircuts for homeless
2015-07-01,Malaria breakthrough by Melbourne researchers at Walter and Eliza ...
2015-07-01,Melbourne Express: Sunday July 26
2015-07-01,Tram disruption expected in Melbourne CBD due to NAIDOC week ...
2015-07-01,Two men charged over shooting of police officer in Moonee Ponds ...
2015-08-01,Drone shows violent clashes between protesters and police in ...
2015-08-01,Real Madrid arrive in Melbourne ahead of International Champions ...
2015-08-01,Australian nurse Adam Brookman lands in Melbourne after returning ...
2015-08-01,Melbourne prison riot: Fire crews respond to Ravenhall cell blaze as ...
2015-08-01,Bronwyn Bishop spends $5000 on 80km charter helicopter flight ...
2015-08-01,Bootylicious building borrows Beyonce's curves
2015-08-01,Melbourne police officer shot by gunman in a car
2015-08-01,"Melbourne Kurds farewell Reece Harding, who died fighting Islamic ..."
2015-08-01,Melbourne tenants feeling the squeeze as rents rise to all-time high
2015-08-01,Salmonella outbreak linked to Melbourne hotel's high tea
2015-08-01,Melbourne mother Annie Nolan's Facebook post about twin ...
2015-08-01,Exclusive: the six problems ruining Melbourne's rail network
2015-08-01,Darcey Freeman inquest: Doctors knew father who threw 4yo off ...
2015-08-01,Melbourne fall over line
2015-08-01,"Melbourne house prices tipped to dive, while Sydney's climb then ..."
2015-08-01,AFL 2015: West Coast Eagles defeat Melbourne Demons by 54 ...
2015-08-01,Melbourne upsets Collingwood by 37 points as Magpies suffer sixth ...
2015-08-01,Orangutan escapes at Melbourne Zoo
2015-08-01,"No new gangland war in Melbourne, police say, despite officer ..."
2015-08-01,Man found with throat cut dies in Crown Metropol hotel in Melbourne
2015-08-01,Melbourne woman who fell pregnant to 12yo boy jailed for sexual ...
2015-08-01,People around the world have been emailing trees in Melbourne to ...
2015-08-01,"Melbourne weather: Showers bring more cold, snow across Victoria"
2015-08-01,Risk of more collapses at Melbourne construction site after nearby ...
2015-08-01,Melbourne Lord Mayor Robert Doyle proposes bike ban for cyclists ...
2015-08-01,Andy Warhol and Ai Weiwei exhibition to open at Melbourne's NGV ...
2015-08-01,"Deaths of 12 young people in Melbourne a 'suicide cluster', Victorian ..."
2015-08-01,Melbourne Airport night curfew inevitable as housing keeps coming
2015-08-01,Melbourne bolsters women's list
2015-08-01,Firearm found on Reclaim Australia rally bus bound for Melbourne ...
2015-08-01,BHP to shed 100 Melbourne head office jobs
2015-08-01,Elias Herodotou charged with murder over alleged Crown Casino ...
2015-08-01,Five talking points: Essendon v Melbourne
2015-08-01,Melbourne Grill'd worker Kahlani Pyrah reinstated following interim ...
2015-08-01,"Rocco Arico, suspected Melbourne crime boss, has curfew relaxed ..."
2015-08-01,Australia set for housing oversupply by 2018: BIS Shrapnel
2015-08-01,Victoria weather: Melbourne shivers through coldest morning in 18 ...
2015-08-01,"Victoria weather: Blizzards, sub-zero temperatures forecast to hit"
2015-08-01,Why is Melbourne growing faster than Sydney?
2015-08-01,Melbourne woman takes Grill'd to court over allegations she was ...
2015-08-01,Tony-winning musical Kinky Boots gets heel-kicking Australian ...
2015-08-01,Man charged with murder over Melbourne road rage incident lashes ...
2015-08-01,Tigerair cancels Melbourne to Mackay direct flights blaming lack of ...
2015-08-01,David Bowie Is: Fans in tears at exhibition opening in Melbourne
2015-08-01,Rachel Khoo's Melbourne food guide
2015-08-01,Christmas Grinch stolen from Dr Seuss gallery in Melbourne
2015-08-01,"Melbourne Wholesale Market, Epping opening pushed back"
2015-08-01,Victorian domestic violence royal commission begins first day of ...
2015-08-01,Qantas heading back to Sunshine Coast and adding Melbourne ...
2015-08-01,Punt Road golden elm is Melbourne's most emailed tree
2015-08-01,Melbourne and Sydney trailing innovative cities like New York and ...
2015-08-01,DIY chimneys and flues linked to fires in Melbourne as cold front hits
2015-08-01,More roads not the answer to Melbourne's congestion woes ...
2015-08-01,Run Melbourne: thousands turn out for annual event
2015-08-01,Warriors beat Melbourne Storm by 14 points as Tuimoala Lolohea ...
2015-08-01,Indian national escapes Melbourne immigration detention centre
2015-08-01,More panic alarms being introduced at busy Melbourne CBD taxi ...
2015-08-01,Man charged over fatal stabbing on footpath in Preston in Melbourne
2015-08-01,Melbourne mother sentenced to five years jail for fatally stabbing ...
2015-08-01,Tradie sought over cold case sex assaults in Melbourne
2015-08-01,Virgin captain entered wrong data into 777 plane that flew too low at ...
2015-08-01,Manchester City v Melbourne City video: Samir Nasri's late goal ...
2015-08-01,"Sydney, Melbourne tighten as Perth sags"
2015-08-01,NBA star Luol Deng in Melbourne for South Sudanese basketball ...
2015-08-01,Man charged after alleged stabbing death in Melbourne's west
2015-08-01,"Housing bubble could burn investors, warns Nobel Prize-winning ..."
2015-08-01,Melbourne woman shares secrets after 'world's toughest ...
2015-08-01,Jamie Williams remanded in custody after attempting to travel to Iraq ...
2015-08-01,"Online classified ads allegedly used to sell drug ice, Melbourne man ..."
2015-08-01,Melbourne gangland deathbed confession
2015-08-01,Two people taken to hospital after stabbing in Newport in ...
2015-08-01,Malka Leifer: Former Melbourne Jewish school principal wins further ...
2015-08-01,Fans unite for major David Bowie Is music exhibition in Melbourne
2015-08-01,"Magpies, kookaburras and willie wagtails among common ..."
2015-08-01,Taxi Commission ambushes UberX driver inside Melbourne courtroom
2015-08-01,"Melbourne shivers through coldest July in 20 years, with wind chill ..."
2015-08-01,Sephora to open first Melbourne store
2015-08-01,"Man, 85, missing from western Sydney nursing home yesterday ..."
2015-08-01,"Qantas cuts flights from Perth to Melbourne, decreases capacity to ..."
2015-08-01,Police use of pepper spray at Melbourne anti-fascist rally condemned
2015-08-01,Metro plan to split Melbourne rail network into five lines hangs on ...
2015-08-01,Melbourne property first as grave site passes $1m mark
2015-08-01,Matt Preston ponders whether Melbourne or Sydney wins Australia's ...
2015-08-01,"Blur Melbourne review: After 18 years, fans made to wait a little ..."
2015-08-01,Professional beggars earning up to $400 a day and intimidating ...
2015-08-01,PayPal executive Mark Van Der Zant jailed for raping woman on ...
2015-08-01,Unique' gun linked to Melbourne police shooting found dumped in ...
2015-08-01,Flinders Street reopened after suspicious package found in ...
2015-08-01,Melbourne men face court over vicious road rage bashing
2015-08-01,Elderly man dies while crossing railway line at Middle Brighton ...
2015-08-01,Sydney's new Convention Centre has poaches Melbourne rivals' top ...
2015-08-01,Melbourne weather: bitter cold snap over but more chilly days ahead
2015-08-01,Soccer: We may be owned by City but we are not a mini Manchester ...
2015-08-01,Kite surfer missing in bayside Melbourne
2015-08-01,Hermitude Announce Huge Sydney And Melbourne Shows
2015-08-01,Streets barber' changing lives with haircuts for homeless
2015-08-01,Malaria breakthrough by Melbourne researchers at Walter and Eliza ...
2015-08-01,Melbourne Express: Sunday July 26
2015-08-01,Tram disruption expected in Melbourne CBD due to NAIDOC week ...
2015-08-01,Two men charged over shooting of police officer in Moonee Ponds ...
2015-11-01,Ronda Rousey loses to Holly Holm in UFC 193 at Docklands ...
2015-11-01,Melbourne Cup: Michelle Payne rides Prince Of Penzance to victory ...
2015-11-01,Black students accuse Apple of racial profiling after being told to ...
2015-11-01,Climate change rally: Tens of thousands gather in Melbourne ahead ...
2015-11-01,Three top Melbourne clubs investigate merge
2015-11-01,"Anti-Islam, anti-racism protesters clash at violent Melton rallies"
2015-11-01,Melbourne Cup 2015: Winning jockey Michelle Payne hits back at ...
2015-11-01,Melbourne Cup betting records broken by 2015 winner Prince of ...
2015-11-01,Prime Minister Malcolm Turnbull has promised tax changes will be ...
2015-11-01,Red Cadeaux euthanased due to complications from Melbourne ...
2015-11-01,Child abuse royal commission: Hundreds of sexual abuse claims ...
2015-11-01,The root of Sydney and Melbourne's housing crisis: we're building ...
2015-11-01,Go back to Israel': racial attack outside Melbourne synagogue ...
2015-11-01,Melbourne Cup 2015: Jessica Mauboy pulls out of singing national ...
2015-11-01,Melbourne Victory fans stage walkout during Adelaide clash at ...
2015-11-01,Ships moored at Melbourne's Station Pier evacuated over bomb fears
2015-11-01,"Train stolen and derailed, in 'severe act of vandalism' at Melbourne ..."
2015-11-01,Oaks Day 2015: Severe thunderstorm hits Melbourne
2015-11-01,"Living in East Melbourne, the most liveable suburb in the most ..."
2015-11-01,Stolen 1972 Daytona Ferrari worth $2m found burnt out in Melbourne
2015-11-01,Melton anti-Islam rally: Man charged over weapon found ahead of ...
2015-11-01,Victoria Police examining gun laws following spate of shootings in ...
2015-11-01,Child abuse royal commission: Melbourne Archbishop defends ...
2015-11-01,Penguins in lockdown after deadly raid by fox at Melbourne Zoo
2015-11-01,Victorian weather: Thunderstorms strike across Melbourne
2015-11-01,"Melbourne edition of Monopoly drops streets, picks special places ..."
2015-11-01,Police investigate three shootings in 14 hours in Melbourne
2015-11-01,Melbourne in state of vigilance following Paris terror attacks
2015-11-01,Bids for Melbourne Metro Rail project's first major contract to open ...
2015-11-01,Man dies following construction site explosion in Melbourne's south
2015-11-01,Police officer run down in operation in Melbourne's east
2015-11-01,Victorian Premier Daniel Andrews announces 175 new tech jobs for ...
2015-11-01,Melbourne Cup 2015: Racegoer Sarah Finn apologises for pushing ...
2015-11-01,Opposition Leader Bill Shorten crashes car in Melbourne
2015-11-01,Melbourne auction market drops to lowest level in two years
2015-11-01,Former Melbourne archbishop's plan to adopt out baby of priest
2015-11-01,Melbourne trio dramatically arrested after shot fired at police car
2015-11-01,High winds cause damage across Melbourne
2015-11-01,Former Melbourne Grammar student found not guilty of murdering ...
2015-11-01,FLUX
2015-11-01,Melbourne vigil for Paris terror attack
2015-11-01,Melbourne's spring selling season to end with record week of 1850 ...
2015-11-01,"Suspicious package found at Southern Cross Station, Melbourne"
2015-11-01,Jack Viney impresses as Melbourne players return for pre-season ...
2015-11-01,Man hit by train trying to rescue skateboard at Melbourne's Windsor ...
2015-11-01,"Four teenagers injured, two critically, after car crushed by truck in ..."
2015-11-01,"The problem with Sydney and Melbourne, they're just too big"
2015-11-01,Port of Melbourne lease hits choppy waters as opposition threatens ...
2015-11-01,United Patriots Front and No Room for Racism clash in central ...
2015-11-01,Child sexual abuse royal commission: Catholic Church paid victims ...
2015-11-01,Man injured in drive-by shooting outside Kittens strip club in ...
2015-11-01,Massive Lego Christmas tree in Melbourne
2015-11-01,YEVU Pop-up Returns to Melbourne
2015-11-01,Somerton tip fire: Authorities monitor air conditions as blaze ...
2015-11-01,NBL referees stood down over farcical finish to Melbourne United v ...
2015-11-01,What Aussies say differently
2015-11-01,Slack secures Melbourne launch pad
2015-11-01,Telstra unveils Melbourne flagship store
2015-11-01,People renting tents in housing crisis
2015-11-01,Former PM Tony Abbott mobbed after shirtfront mention as he ...
2015-11-01,Car-free Melbourne: Mayor dismisses proposal for one-day CBD car ...
2015-11-01,Mother and newborn return to Melbourne's Northern Hospital after ...
2015-11-01,Radio ratings: Hamish and Andy hold steady at home in Melbourne ...
2015-11-01,Melbourne Cup 2015: The Frankie Dettori ride that caused chaos at ...
2015-11-01,Sold! Dean and Shay Paine crowned winners of The Blocktagon
2015-11-01,Troy Ellis: Back on Melbourne Breakfast
2015-11-01,Art and innovation collide at new Science Gallery at the University of ...
2015-11-01,Melbourne mother dies after head-on collision with stolen car
2015-11-01,Melbourne posts $560000 profit with help of AFL equalisation
2015-11-01,Asbestos warning at Melbourne primary school
2015-11-01,Driver held in custody after allegedly ploughing through Coburg mall
2015-11-01,Councillors 'king hit' as Melbourne meeting descends into chaos
2015-11-01,Jackson signs on until end of 2017
2015-11-01,Victoria police charge man with 2003 Melbourne gangland murder
2015-11-01,"No solution for stone bush fly plague hitting Melbourne, Museum ..."
2015-11-01,World first Degas exhibition set for Melbourne
2015-11-01,Teen fighting for life after being hit by car while crossing Melbourne's ...
2015-11-01,Bank of Queensland says Brisbane not in property bubble but ...
2015-11-01,Sephora Confirms Opening Date in Melbourne
2015-11-01,Rethinking Melbourne's 'missing middle'
2015-11-01,Territory flavour helps Flying Boomerangs beat Victorian Diversity ...
2015-11-01,New renewable energy play launches in Melbourne
2015-11-01,Plans lodged to restart Melbourne's Nylex clock with green energy ...
2015-11-01,"Pick-up point, retail boost features of new Melbourne Airport terminal ..."
2015-11-01,Paris attacks: Melbourne woman 'pretends to be dead' in Bataclan ...
2015-11-01,Fox family at home in a Melbourne back yard
2015-11-01,NextDC forges ahead with second Melbourne data centre
2015-11-01,AFL 2016: Why Melbourne fans should be optimistic about making ...
2015-11-01,Chinese prestige property buyers ditch Sydney for Melbourne
2015-11-01,"Opera review: The Marriage of Figaro, Opera Australia, Arts Centre ..."
2015-11-01,Tech giant GoPro picks Melbourne
2015-11-01,Police air wing in pursuit of car in Melbourne's north
2015-11-01,Melbourne aged-care resident avoids jail over death of fellow patient
2015-11-01,Super-size my tram: 45-metre trams foreshadowed for Melbourne's ...
2015-11-01,Mediavest in Melbourne move; hires IPG MD
2015-11-01,Melbourne launches new logo
2015-11-01,Jake Melksham's new Melbourne gear stolen
2015-11-01,Melbourne weather: Cool change revives sweltering city
2015-11-01,UFC 193: Melbourne fight card 'guaranteed' to smash company ...
2015-11-01,Four child leads are named for the Melbourne 2016 season of ...
2015-12-01,"Man dies at Stereosonic Adelaide, 60 drug arrests in Melbourne"
2015-12-01,Melbourne weather: Saturday night to break temperature records
2015-12-01,George Costanza themed bar to open in Melbourne
2015-12-01,Oprah Winfrey in Melbourne for Australian tour 2015 spreads a ...
2015-12-01,Mariah Carey to serenade Melbourne's NYE revellers
2015-12-01,Big Bash League: Moises Henriques injured as Melbourne Stars ...
2015-12-01,Mariah Carey and James Packer at Crown Casino in Melbourne
2015-12-01,Ashley Dyball expected to arrive in Melbourne Sunday night
2015-12-01,Protesters shut down Melbourne's court precinct to support CFMEU ...
2015-12-01,Teenager pleads guilty to planning Mother's Day terrorist attack in ...
2015-12-01,Uber Melbourne: Ride sharing service effectively illegal as driver ...
2015-12-01,Cardinal George Pell 'too ill' to travel from Rome to Melbourne for ...
2015-12-01,Port of Melbourne long-term lease may go to market if sale bill not ...
2015-12-01,First Ford Mustang shipment arrives in Melbourne
2015-12-01,Tottenham Hotspur and Juventus to headline Melbourne's ...
2015-12-01,Two people seriously injured in separate stabbings in Melbourne's ...
2015-12-01,Melbourne to get new western suburbs toll road
2015-12-01,"Man stabbed in 100-strong wild brawl in Melbourne's south east, 12 ..."
2015-12-01,"Melbourne set to celebrate sweltering New Year's Eve, temperatures ..."
2015-12-01,Melbourne woman received 150 stitches after cheek was ripped off ...
2015-12-01,Sailing World Cup Melbourne wrap
2015-12-01,Fatal Melbourne truck gas explosion sounded like a bomb
2015-12-01,Shocking number of Melbourne properties left vacant despite huge ...
2015-12-01,Chickenpox outbreak at Brunswick North West Primary school ...
2015-12-01,Six arrested over alleged $15.8m childcare fraud scheme in ...
2015-12-01,The great debate: Is Melbourne more liveable than Sydney?
2015-12-01,McGrath Estate Agents enters Melbourne market with Hodges St ...
2015-12-01,Melbourne heatwave: Hot weather hits Victoria
2015-12-01,AFL footballer Majak Daw not guilty of raping 15-year-old girl
2015-12-01,Child abuse royal commission: Senior Melbourne clergy 'motivated ...
2015-12-01,AC/DC Melbourne review: Highest voltage rock 'n' roll at Etihad ...
2015-12-01,Melbourne to become regional cyber-security hub
2015-12-01,"Police raid Finks bikie gang clubhouse in Melbourne, 20 arrested ..."
2015-12-01,Property prices fall in Sydney and Melbourne
2015-12-01,"Boxing Day public holiday trading Melbourne: What's open, what's ..."
2015-12-01,UEM Sunrise raises $120m in sale of the Aurora Melbourne ...
2015-12-01,"Ice use doubled in Melbourne suburbs in past year, survey finds"
2015-12-01,Victorian house prices: how much has yours grown?
2015-12-01,Melbourne woman receives kidney transplant after crawling to front ...
2015-12-01,Google Street View captures dead body on Melbourne street
2015-12-01,Pet Labrador found stabbed to death in Melbourne's south-east
2015-12-01,700 new jobs to be created in Melbourne as NBN steps up cyber ...
2015-12-01,Ai Weiwei: artist and human rights activist
2015-12-01,Diamonds worth $100000 stolen from Melbourne jeweller
2015-12-01,Two battling it out for Melbourne-Hobart Westcoaster win
2015-12-01,More than 100 charged in 'wake-up' call over Remand Centre riot
2015-12-01,Ex-Turkish soldier blasted during sentencing for killing Melbourne ...
2015-12-01,"French national who arrived in Melbourne with mace, extremist ..."
2015-12-01,Love locks from Melbourne's Southbank footbridge to become ...
2015-12-01,Brawl erupts in Melbourne police station between men arrested over ...
2015-12-01,Hundreds' brawl at Melbourne's Illusion nightclub
2015-12-01,Can Melbourne be saved from the planners and pollies?
2015-12-01,60 Minutes reporter Tara Brown digs deep into George Pell's ...
2015-12-01,Melbourne sex harassment payout: Worker Kate Mathews wins $1.3 ...
2015-12-01,"Wu-Tang Clan heading to Australia, shows in Melbourne, Sydney ..."
2015-12-01,5 unmissable events in Melbourne this week
2015-12-01,Child sex crime detectives investigate abuse claims at Melbourne's ...
2015-12-01,Man cuts woman's hair in bizarre CBD attack in Melbourne
2015-12-01,Nathan Jones to continue as Melbourne captain in 2016
2015-12-01,"Melbourne, meet the Buttis: Iraqi family's dream becomes reality"
2015-12-01,Embla
2015-12-01,Fatal fire in Ringwood in Melbourne's east treated as suspicious
2015-12-01,Roy Morgan Research landlord ordered to allow Melbourne office ...
2015-12-01,Prison for jealous husband Parminder Singh who butchered wife ...
2015-12-01,Australia enjoy Boxing Day bash
2015-12-01,A-League: Western Sydney Wanderers v Melbourne Victory | Video ...
2015-12-01,Melbourne to host Fast5 netball tournament
2015-12-01,Promising trials on pre-eclampsia drug treatment good news for ...
2015-12-01,University student sues Yarra Trams after ticket inspectors pinned ...
2015-12-01,Andy Warhol – Ai Weiwei: the American and Chinese centuries meet ...
2015-12-01,Big Bash League 05: coach Stephen Fleming can lead Melbourne ...
2015-12-01,Wellcamp announces 2016 flights lifting off to Melbourne
2015-12-01,Mum who drove car with kids into Wyndham Vale lake 'didn't help ...
2015-12-01,War veterans and PTSD assistance dog refused cab fare in Melbourne
2015-12-01,Melbourne weather: City set to cop first 40-degree December day in ...
2015-12-01,Police link slain Balkan criminal to Melbourne organised crime figure
2015-12-01,Melbourne's pre-Christmas auctions soar
2015-12-01,VCE results: Top ATARs yield tempting offers and tough choices for ...
2015-12-01,Melbourne MP's 'black Jesus' doll sparks complaints for being ...
2015-12-01,"New Year's Eve Melbourne fireworks: biggest, brightest ever"
2015-12-01,Bill Shorten filmed texting while driving in Melbourne
2015-12-01,While Melbourne melted ... Mount Buller was dusted with summer ...
2015-12-01,Melbourne's Yeshivah Centre establishes redress scheme for ...
2015-12-01,"Kew home needing renovation fetches $4.65m, as Melbourne's ..."
2015-12-01,Jermaine Beal rampage helps Perth Wildcats sink Melbourne
2015-12-01,House from Kath & Kim for sale in Melbourne suburb of Patterson ...
2015-12-01,Tourism Victoria uses Melbourne as a playing field; live streams ...
2015-12-01,"Melbourne should be a city for walkers, says new Places for People ..."
2015-12-01,Melbourne family return home after four years circumnavigating the ...
2015-12-01,Melbourne's anti-vaccination hot spots: Rich suburbs have low ...
2015-12-01,"Expats, home for the holidays, are picking Sydney and Melbourne ..."
2015-12-01,"Melbourne Victory re-signs Besart Berisha, inks new deal with Etihad"
2015-12-01,Facebook appoints Melbourne head
2015-12-01,"Kickboxer, father, and girlfriend fined over court brawl in Melbourne"
2015-12-01,NBL: Melbourne United still the team to beat after loss: Warrick
2015-12-01,Lendlease signs first commercial tenant for $1.9b Melbourne Quarter
2015-12-01,Melbourne weather: Cool change and rain hit after record hot night ...
2015-12-01,What would you do to improve Melbourne?
2015-12-01,Melbourne weather: The pre-Christmas heatwave begins
2015-12-01,Melbourne weather: Cool change arrives across the city as state is ...